{
  "RAG_ON": {
    "F1": 0.12310574034860271,
    "EM": 0.0
  },
  "RAG_OFF": {
    "F1": 0.029756103049889838,
    "EM": 0.0
  }
}